author,author_url,casts,posts,comments,likes,recasts,replies,best_score,top_cast_url,avg_score
@kenny,https://farcaster.xyz/kenny,2,1,1,43,10,6,9.39,https://farcaster.xyz/kenny/0x85e6ff85,7.25
@mmups,https://farcaster.xyz/mmups,1,1,0,38,7,5,9.39,https://farcaster.xyz/mmups/0x831de574,9.39
@luciano,https://farcaster.xyz/luciano,3,0,3,29,12,0,7.35,https://farcaster.xyz/luciano/0xdffcd06c,5.66
@4050,https://farcaster.xyz/4050,1,0,1,28,6,12,8.71,https://farcaster.xyz/4050/0xa7f4bbe0,8.71
@akela113,https://farcaster.xyz/akela113,3,0,3,25,22,22,8.37,https://farcaster.xyz/akela113/0xbc9c0f55,3.99
@evolve,https://farcaster.xyz/evolve,1,0,1,21,7,2,8.08,https://farcaster.xyz/evolve/0x7a5076f6,8.08
@ethdaily,https://farcaster.xyz/ethdaily,1,0,1,20,12,0,7.97,https://farcaster.xyz/ethdaily/0x34d8c892,7.97
@cassie,https://farcaster.xyz/cassie,2,0,2,18,1,4,7.62,https://farcaster.xyz/cassie/0xb321f56e,5.11
@adrienne,https://farcaster.xyz/adrienne,1,1,0,15,3,3,7.35,https://farcaster.xyz/adrienne/0xef382905,7.35
@sub,https://farcaster.xyz/sub,2,0,2,14,0,2,6.03,https://farcaster.xyz/sub/0x099526aa,5.74
@vonenzo,https://farcaster.xyz/vonenzo,1,0,1,13,6,0,7.04,https://farcaster.xyz/vonenzo/0xb9d69697,7.04
@ds8,https://farcaster.xyz/ds8,2,0,2,12,0,1,6.03,https://farcaster.xyz/ds8/0xdd0ac0ad,5.36
@trpplffct,https://farcaster.xyz/trpplffct,1,0,1,8,4,4,6.03,https://farcaster.xyz/trpplffct/0x7b4b8024,6.03
@kamal98,https://farcaster.xyz/kamal98,2,1,1,8,5,5,5.76,https://farcaster.xyz/kamal98/0xebb199c2,4.17
@sezar,https://farcaster.xyz/sezar,1,1,0,7,6,7,5.76,https://farcaster.xyz/sezar/0x821a0abc,5.76
@pennysiaofficial,https://farcaster.xyz/pennysiaofficial,1,1,0,7,0,0,5.76,https://farcaster.xyz/pennysiaofficial/0xaec3df9e,5.76
@ogerpon,https://farcaster.xyz/ogerpon,2,0,2,7,0,0,4.68,https://farcaster.xyz/ogerpon/0x659e33a5,4.42
@cryptoconsuela,https://farcaster.xyz/cryptoconsuela,2,0,2,6,0,0,4.68,https://farcaster.xyz/cryptoconsuela/0xe6c8b8d3,4.09
@jujumohontojui3,https://farcaster.xyz/jujumohontojui3,1,0,1,5,2,0,5.10,https://farcaster.xyz/jujumohontojui3/0x19c385d5,5.10
@road,https://farcaster.xyz/road,1,0,1,4,2,0,4.68,https://farcaster.xyz/road/0x20300b69,4.68
@kprs0131,https://farcaster.xyz/kprs0131,1,1,0,4,1,2,4.68,https://farcaster.xyz/kprs0131/0xbb010ce7,4.68
@asoboy,https://farcaster.xyz/asoboy,1,0,1,4,3,0,4.68,https://farcaster.xyz/asoboy/0x91609938,4.68
@badadvicehq,https://farcaster.xyz/badadvicehq,1,0,1,4,0,1,4.68,https://farcaster.xyz/badadvicehq/0xfa0bb58b,4.68
@temhemc,https://farcaster.xyz/temhemc,1,0,1,4,0,0,4.68,https://farcaster.xyz/temhemc/0xd9ebcdc5,4.68
@symbiotech,https://farcaster.xyz/symbiotech,1,0,1,4,0,1,4.68,https://farcaster.xyz/symbiotech/0x54c5a0d7,4.68
@rashedur,https://farcaster.xyz/rashedur,1,0,1,4,1,0,4.68,https://farcaster.xyz/rashedur/0xafb257bb,4.68
@rathermercurial,https://farcaster.xyz/rathermercurial,2,0,2,4,0,1,3.51,https://farcaster.xyz/rathermercurial/0x4284e716,3.51
@kozakura,https://farcaster.xyz/kozakura,1,0,1,3,0,0,4.17,https://farcaster.xyz/kozakura/0x76caf566,4.17
@muhammadind,https://farcaster.xyz/muhammadind,1,0,1,3,0,0,4.17,https://farcaster.xyz/muhammadind/0x40b2e53d,4.17
@bbthrntn,https://farcaster.xyz/bbthrntn,1,0,1,3,0,0,4.17,https://farcaster.xyz/bbthrntn/0x04113f97,4.17
@olivebranch,https://farcaster.xyz/olivebranch,2,2,0,3,0,0,3.51,https://farcaster.xyz/olivebranch/0x85e9839c,3.05
@tatertots,https://farcaster.xyz/tatertots,2,1,1,3,0,0,3.51,https://farcaster.xyz/tatertots/0x88c49bb9,3.05
@mypokerofff,https://farcaster.xyz/mypokerofff,3,0,3,3,0,1,2.59,https://farcaster.xyz/mypokerofff/0x00fd0d4d,2.59
@juniper,https://farcaster.xyz/juniper,1,0,1,2,0,2,3.51,https://farcaster.xyz/juniper/0xc0f1c40a,3.51
@rezzaa,https://farcaster.xyz/rezzaa,1,1,0,2,0,2,3.51,https://farcaster.xyz/rezzaa/0x2d51dddd,3.51
@decrypt,https://farcaster.xyz/decrypt,1,0,1,2,1,0,3.51,https://farcaster.xyz/decrypt/0xfe1f07d0,3.51
@fabfour,https://farcaster.xyz/fabfour,1,1,0,2,0,2,3.51,https://farcaster.xyz/fabfour/0x9f2d08b7,3.51
@solrobert,https://farcaster.xyz/solrobert,1,0,1,2,0,1,3.51,https://farcaster.xyz/solrobert/0xc69ea671,3.51
@dandelion,https://farcaster.xyz/dandelion,1,0,1,2,0,1,3.51,https://farcaster.xyz/dandelion/0xf787024c,3.51
@vova25,https://farcaster.xyz/vova25,1,0,1,2,0,1,3.51,https://farcaster.xyz/vova25/0x809adf94,3.51
@benido,https://farcaster.xyz/benido,1,0,1,2,0,0,3.51,https://farcaster.xyz/benido/0xcdc81ecb,3.51
@mondieu,https://farcaster.xyz/mondieu,1,0,1,2,0,0,3.51,https://farcaster.xyz/mondieu/0xbf0d5c0e,3.51
@arrya,https://farcaster.xyz/arrya,2,0,2,2,0,0,2.59,https://farcaster.xyz/arrya/0xa404c655,2.59
@raven50mm,https://farcaster.xyz/raven50mm,2,0,2,2,0,0,2.59,https://farcaster.xyz/raven50mm/0x92dea1e3,2.59
@rakshasar,https://farcaster.xyz/rakshasar,5,5,0,1,0,5,2.59,https://farcaster.xyz/rakshasar/0x0c2bb88e,1.32
@schmrdty,https://farcaster.xyz/schmrdty,3,0,3,1,0,3,2.59,https://farcaster.xyz/schmrdty/0xd79fa7ad,1.53
@bigchong97,https://farcaster.xyz/bigchong97,1,1,0,1,0,2,2.59,https://farcaster.xyz/bigchong97/0xef706148,2.59
@bestcryptotwits,https://farcaster.xyz/bestcryptotwits,1,0,1,1,0,2,2.59,https://farcaster.xyz/bestcryptotwits/0x165d355d,2.59
@topp-airdrop,https://farcaster.xyz/topp-airdrop,1,1,0,1,0,2,2.59,https://farcaster.xyz/topp-airdrop/0xc3aa119d,2.59
@n3rd,https://farcaster.xyz/n3rd,1,0,1,1,0,0,2.59,https://farcaster.xyz/n3rd/0x9239cf87,2.59
@andreapn,https://farcaster.xyz/andreapn,1,0,1,1,0,0,2.59,https://farcaster.xyz/andreapn/0x3f9dbd0e,2.59
@brooksgallery,https://farcaster.xyz/brooksgallery,1,0,1,1,0,1,2.59,https://farcaster.xyz/brooksgallery/0xf8c26c3b,2.59
@sonubisht,https://farcaster.xyz/sonubisht,1,1,0,1,0,0,2.59,https://farcaster.xyz/sonubisht/0x6134506a,2.59
@gorhionolo,https://farcaster.xyz/gorhionolo,1,0,1,1,0,1,2.59,https://farcaster.xyz/gorhionolo/0x94be1206,2.59
@shamimarshad,https://farcaster.xyz/shamimarshad,1,0,1,1,0,1,2.59,https://farcaster.xyz/shamimarshad/0x9c71187b,2.59
@liadavid,https://farcaster.xyz/liadavid,1,0,1,1,0,1,2.59,https://farcaster.xyz/liadavid/0x9551eabe,2.59
@tako-unik,https://farcaster.xyz/tako-unik,1,0,1,1,0,1,2.59,https://farcaster.xyz/tako-unik/0x9e0d2d86,2.59
@sunkanmi,https://farcaster.xyz/sunkanmi,1,1,0,1,0,0,2.59,https://farcaster.xyz/sunkanmi/0x24a8cbc2,2.59
@rubinovitz,https://farcaster.xyz/rubinovitz,1,0,1,1,1,0,2.59,https://farcaster.xyz/rubinovitz/0x53072a04,2.59
@milanyia,https://farcaster.xyz/milanyia,1,1,0,1,0,0,2.59,https://farcaster.xyz/milanyia/0x493cc1fa,2.59
@ahsenkhan,https://farcaster.xyz/ahsenkhan,1,1,0,1,0,0,2.59,https://farcaster.xyz/ahsenkhan/0x9f3ecd69,2.59
@geisha,https://farcaster.xyz/geisha,1,0,1,1,0,0,2.59,https://farcaster.xyz/geisha/0x18e8748e,2.59
@akhyari,https://farcaster.xyz/akhyari,1,0,1,1,0,0,2.59,https://farcaster.xyz/akhyari/0x8935a6f1,2.59
@dexwhale,https://farcaster.xyz/dexwhale,1,0,1,1,0,0,2.59,https://farcaster.xyz/dexwhale/0x04856674,2.59
@0xparsa,https://farcaster.xyz/0xparsa,1,0,1,1,0,0,2.59,https://farcaster.xyz/0xparsa/0xf0a3637f,2.59
@mershad,https://farcaster.xyz/mershad,1,0,1,1,0,0,2.59,https://farcaster.xyz/mershad/0x37675f06,2.59
@studi08f0rev3r,https://farcaster.xyz/studi08f0rev3r,1,1,0,1,0,0,2.59,https://farcaster.xyz/studi08f0rev3r/0x5bdd89b4,2.59
@framedl,https://farcaster.xyz/framedl,1,0,1,1,0,0,2.59,https://farcaster.xyz/framedl/0x10140af5,2.59
@goldhand,https://farcaster.xyz/goldhand,1,0,1,1,0,0,2.59,https://farcaster.xyz/goldhand/0x32aa69a1,2.59
@links,https://farcaster.xyz/links,1,0,1,1,0,0,1.00,https://farcaster.xyz/links/0xf346f4e2,1.00
@lattice-labs,https://farcaster.xyz/lattice-labs,2,0,2,0,0,2,1.00,https://farcaster.xyz/lattice-labs/0x273185c6,1.00
@stitthappens,https://farcaster.xyz/stitthappens,1,1,0,0,0,2,1.00,https://farcaster.xyz/stitthappens/0x0252d1f2,1.00
@trustlayer,https://farcaster.xyz/trustlayer,1,1,0,0,0,1,1.00,https://farcaster.xyz/trustlayer/0x33f97cf1,1.00
@insertcoin,https://farcaster.xyz/insertcoin,1,1,0,0,0,1,1.00,https://farcaster.xyz/insertcoin/0x7696bc53,1.00
@zaal,https://farcaster.xyz/zaal,1,0,1,0,0,1,1.00,https://farcaster.xyz/zaal/0x5477efb0,1.00
