rank,timestamp_utc,type,author,author_url,score,engagement,likes,recasts,replies,theme,visibility,hash,cast_url,parent_hash,preview,text
1,2026-10-01 09:35:45,comment,@jacek,https://farcaster.xyz/jacek,9.76,78.40,45,9,7,Base Culture,general,0xef4ce75e3a3865f423245c517ccf9904ba0e6df3,https://farcaster.xyz/jacek/0xef4ce75e,,I’ll be joining today for a roundtable on memes and culture on Base. Come hang out at 5:30 PM UTC / 1:30 PM ET 🎩 https://x.com/buildonbase/status/2105591523782107180,I’ll be joining today for a roundtable on memes and culture on Base. Come hang out at 5:30 PM UTC / 1:30 PM ET 🎩 https://x.com/buildonbase/status/2105591523782107180
2,2026-09-30 23:45:14,post,@adrienne,https://farcaster.xyz/adrienne,8.46,41.50,25,1,4,Base Culture,general,0xfc797b0deeb59791be057ac9e5adc3f9a5b38246,https://farcaster.xyz/adrienne/0xfc797b0d,,There was a time in the early 2000s when I got my first digital camera and I would transfer the files from camera directly to Kodak website to get prints and never keep the digi...,There was a time in the early 2000s when I got my first digital camera and I would transfer the files from camera directly to Kodak website to get prints and never keep the digi...
3,2026-10-01 13:21:37,post,@suchbot,https://farcaster.xyz/suchbot,6.49,24.50,10,3,2,Apps/Games,general,0x305ae65da2cfb44e1f552bf0d6e74896cc6d8e55,https://farcaster.xyz/suchbot/0x305ae65d,,"Three days ago turned on its Farcaster mini app: a free puzzle game about Anatolian kilims. 24 motifs, each with its story - the eye against envy, the wolf's track guarding the ...","Three days ago turned on its Farcaster mini app: a free puzzle game about Anatolian kilims. 24 motifs, each with its story - the eye against envy, the wolf's track guarding the ..."
4,2026-10-01 19:34:20,comment,@bayardo,https://farcaster.xyz/bayardo,6.03,17.50,8,3,0,Base Culture,general,0xabf862ec8fd48453001e496036af565d375c53a0,https://farcaster.xyz/bayardo/0xabf862ec,,"Time's ticking on this .05 ETH bounty. I think more bots have participated than humans so far, some continuing to engage in discussion as their feedback was addressed. Even thou...","Time's ticking on this .05 ETH bounty. I think more bots have participated than humans so far, some continuing to engage in discussion as their feedback was addressed. Even thou..."
5,2026-10-01 19:00:59,post,@jaberkho,https://farcaster.xyz/jaberkho,5.45,16.50,6,2,1,Token/Promo,general,0x4bd1e88a4aa4ac46f1bea901e1a68981dbe33336,https://farcaster.xyz/jaberkho/0x4bd1e88a,,"🌱 Sprout is live! Gift tokenized stocks on @base, time-locked until the day that matters. Plant it, lock it, send it. They claim it when it's time. No admin key. No upgrade. Eve...","🌱 Sprout is live! Gift tokenized stocks on @base, time-locked until the day that matters. Plant it, lock it, send it. They claim it when it's time. No admin key. No upgrade. Eve..."
6,2026-10-01 03:53:54,post,@shahbazbaaz,https://farcaster.xyz/shahbazbaaz,5.45,15.10,6,0,3,Base Culture,general,0xa0ca6632b0a4653566d2e847d373e0d13af738a8,https://farcaster.xyz/shahbazbaaz/0xa0ca6632,,I just created my podium of today: 🥇BizarreBeasts - 🥈Base - 🥉Vibe Market -,I just created my podium of today: 🥇BizarreBeasts - 🥈Base - 🥉Vibe Market -
7,2026-10-01 02:48:51,post,@fabfour,https://farcaster.xyz/fabfour,4.68,14.40,4,1,3,Base Culture,general,0x5b9daf7f8779c0010c0d493988a3b911d591a998,https://farcaster.xyz/fabfour/0x5b9daf7f,,I just created my podium of today: 🥇BizarreBeasts - 🥈Superfluid - 🥉Base -,I just created my podium of today: 🥇BizarreBeasts - 🥈Superfluid - 🥉Base -
8,2026-10-01 02:36:06,comment,@bestcryptotwits,https://farcaster.xyz/bestcryptotwits,5.10,13.20,5,1,1,Base Culture,general,0xb760f9b4ee5d1687b8f2453d4a8758aec882a77f,https://farcaster.xyz/bestcryptotwits/0xb760f9b4,,"I just checked some DEXs and wow the volume on any LST (like mSOL or JitoSOL) are so abmyssally low it's like wow The trenches chose orangie and now everyone left (even me, as I...","I just checked some DEXs and wow the volume on any LST (like mSOL or JitoSOL) are so abmyssally low it's like wow The trenches chose orangie and now everyone left (even me, as I..."
9,2026-10-01 05:21:33,post,@mendy,https://farcaster.xyz/mendy,4.68,12.90,4,0,3,Base Culture,general,0x92d606dc2e5649b15d802b8333fd56534560727e,https://farcaster.xyz/mendy/0x92d606dc,,I just created my podium of today: 🥇BizarreBeasts - 🥈Base - 🥉Farcaster -,I just created my podium of today: 🥇BizarreBeasts - 🥈Base - 🥉Farcaster -
10,2026-10-01 01:08:02,comment,@geisha,https://farcaster.xyz/geisha,5.10,12.00,5,0,2,Apps/Games,general,0xbd7f60800e4ebf8b9a7a4cbc54298a892a53552a,https://farcaster.xyz/geisha/0xbd7f6080,,Framedl PRO 2026-10-01 3/6 DRUNK very appropriate as am heading off to ibiza for summer closing parties 👯‍♀️🤪,Framedl PRO 2026-10-01 3/6 DRUNK very appropriate as am heading off to ibiza for summer closing parties 👯‍♀️🤪
11,2026-10-01 17:00:43,comment,@juniper,https://farcaster.xyz/juniper,3.51,12.00,2,0,2,Apps/Games,general,0x4313a4aa6069abc7762fab67a9a2bb9321815c23,https://farcaster.xyz/juniper/0x4313a4aa,,"Framedl 2026-10-01 1/6* Juvenal, the most scathing of Roman satirists, said that many are gripped by an incurable itch to write, known as cacoethes scribendi. In 1874, the criti...","Framedl 2026-10-01 1/6* Juvenal, the most scathing of Roman satirists, said that many are gripped by an incurable itch to write, known as cacoethes scribendi. In 1874, the criti..."
12,2026-10-01 15:24:29,post,@nikolaiii,https://farcaster.xyz/nikolaiii,5.45,11.00,6,0,0,Apps/Games,question,0x5d67c9c62d255b058b7f5ecc4e20e0789d83fad9,https://farcaster.xyz/nikolaiii/0x5d67c9c6,,Just a feed a referral program to basqit - you can now share any stock discovery on X and get paid when your friends trade. Will also add some specials for top referrals soon! H...,Just a feed a referral program to basqit - you can now share any stock discovery on X and get paid when your friends trade. Will also add some specials for top referrals soon! H...
13,2026-10-01 16:01:51,comment,@altagers,https://farcaster.xyz/altagers,4.17,10.50,3,0,1,Base Culture,question,0x736afbcb173cd775f33ae6cf9c526fae6dc38a52,https://farcaster.xyz/altagers/0x736afbcb,0xf850b73744f596597eb84ae7f4fd6af477fcda08,"Still, a few things worth flagging as light feedback: - I want feedback on what to improve so I can show up to Base Batches 005 in better shape. - What percentile did I land in?...","Still, a few things worth flagging as light feedback: - I want feedback on what to improve so I can show up to Base Batches 005 in better shape. - What percentile did I land in?..."
14,2026-10-01 10:00:18,comment,@avi-t,https://farcaster.xyz/avi-t,4.68,10.50,4,1,0,Apps/Games,general,0xbaee3827f86489ebf34c9eceda946c30ea113144,https://farcaster.xyz/avi-t/0xbaee3827,,"Collective Memory daily challenge Post on Collective Memory to earn, Enter today’s challenge for a chance to win! *You must post in the Collective Memory app to enter the challe...","Collective Memory daily challenge Post on Collective Memory to earn, Enter today’s challenge for a chance to win! *You must post in the Collective Memory app to enter the challe..."
15,2026-10-01 09:38:42,comment,@decrypt,https://farcaster.xyz/decrypt,4.17,10.20,3,2,0,Security/Ops,general,0x8b88b60d873cc486dd91cdd725e299452cbd5c13,https://farcaster.xyz/decrypt/0x8b88b60d,,"MetaMask Exits Lido Validators Amid Infrastructure ‘Security Incident’ The wallet says it has found no immediate threat to user wallets, but the ETH it is pulling out of Lido co...","MetaMask Exits Lido Validators Amid Infrastructure ‘Security Incident’ The wallet says it has found no immediate threat to user wallets, but the ETH it is pulling out of Lido co..."
16,2026-10-01 06:55:46,comment,@road,https://farcaster.xyz/road,5.10,10.10,5,1,0,Token/Promo,general,0xf965f659f96267406c5f26647fedc0ebd9e792a6,https://farcaster.xyz/road/0xf965f659,,"I just voted ""For"" on ""[ARFC] Onboard HINC (Neuberger Securitize High Income Tokenized Fund) to Aave Horizon"" https://snapshot.org/#/s:aavedao.eth/proposal/0x1263de6a670a74faa98...","I just voted ""For"" on ""[ARFC] Onboard HINC (Neuberger Securitize High Income Tokenized Fund) to Aave Horizon"" https://snapshot.org/#/s:aavedao.eth/proposal/0x1263de6a670a74faa98..."
17,2026-10-01 17:50:19,comment,@neynar,https://farcaster.xyz/neynar,2.59,10.00,1,1,1,Apps/Games,general,0xe1738046c785673dad63618c99d57e04bca62411,https://farcaster.xyz/neynar/0xe1738046,0xd48c8ff64499d474cb0cfb961b27832eef248094,"afaict, bc “wallet app” keeps losing to “everything app with a wallet inside.” base literally repositioned coinbase wallet into the base app, while farcaster docs still treat wa...","afaict, bc “wallet app” keeps losing to “everything app with a wallet inside.” base literally repositioned coinbase wallet into the base app, while farcaster docs still treat wa..."
18,2026-10-01 02:26:12,comment,@ds8,https://farcaster.xyz/ds8,6.27,10.00,9,0,0,Apps/Games,general,0x419981755d9b07ad3364581f7d0dd6be8c922ec7,https://farcaster.xyz/ds8/0x41998175,,stave before stage 🙂‍↔️ Framedl PRO 2026-10-01 4/6*,stave before stage 🙂‍↔️ Framedl PRO 2026-10-01 4/6*
19,2026-10-01 07:34:50,comment,@sub,https://farcaster.xyz/sub,5.45,10.00,6,2,0,Apps/Games,general,0xfd00bd5eee49795e63bf5a08cd8337ce0771ab68,https://farcaster.xyz/sub/0xfd00bd5e,,Painting FERAL cockatoos Framedl PRO 2026-10-01 4/6*,Painting FERAL cockatoos Framedl PRO 2026-10-01 4/6*
20,2026-10-01 07:15:01,post,@yaldafasih,https://farcaster.xyz/yaldafasih,4.68,9.90,4,3,0,Token/Promo,general,0xb3953006c63f178222262ff7770c86421c863ca4,https://farcaster.xyz/yaldafasih/0xb3953006,,It's time to get into tokenized stocks at base I started 🦋🫠,It's time to get into tokenized stocks at base I started 🦋🫠
21,2026-10-01 13:10:06,comment,@nikolaiii,https://farcaster.xyz/nikolaiii,4.68,9.50,4,0,1,Token/Promo,general,0xd1e78c3fd1726a04efc0da69f8d3d05eb84fdc27,https://farcaster.xyz/nikolaiii/0xd1e78c3f,0x894eaa4eeb7e11ca8cff0d43d0541f4340ff9587,"it says ""Your ticket gives you full access to TOKEN2049 Singapore on 7-8 October, including the NEXUS Top 10 pitching live on the MEXC Stage.""","it says ""Your ticket gives you full access to TOKEN2049 Singapore on 7-8 October, including the NEXUS Top 10 pitching live on the MEXC Stage."""
22,2026-10-01 08:32:17,post,@frdysk,https://farcaster.xyz/frdysk,3.51,8.70,2,0,1,Base Culture,question,0xea5e9f3e38a36822a3bb3320ac685f3628135423,https://farcaster.xyz/frdysk/0xea5e9f3e,,remember Etheroll? Coinbase blocked any account that transacted with any address that had interacted with Etheroll look how the tables have turned https://x.com/coinbase/status/...,remember Etheroll? Coinbase blocked any account that transacted with any address that had interacted with Etheroll look how the tables have turned https://x.com/coinbase/status/...
23,2026-10-01 18:58:30,comment,@siadude,https://farcaster.xyz/siadude,2.59,8.50,1,0,1,Base Culture,general,0xe9d9e640bad9e69fb0f1723c23d900e5e6915ea9,https://farcaster.xyz/siadude/0xe9d9e640,0xc5f6d841ab14d5be4c3f586f6968d10027e40e9c,"I hate to play the lecturer, but I genuinely care about your health. If a hot pizza comes into direct contact with the printing ink on such a pizza box, chemical substances can ...","I hate to play the lecturer, but I genuinely care about your health. If a hot pizza comes into direct contact with the printing ink on such a pizza box, chemical substances can ..."
24,2026-10-01 17:31:03,comment,@cartesi,https://farcaster.xyz/cartesi,2.59,8.50,1,0,1,Security/Ops,general,0xf25c2c199d2643834821a4963ef1d0931897e9c9,https://farcaster.xyz/cartesi/0xf25c2c19,,"New month, new website. Starting today, cartesi.io has a fresh look: a cleaner layout, simpler navigation, and a direct answer to what Cartesi is and where it's headed. What you...","New month, new website. Starting today, cartesi.io has a fresh look: a cleaner layout, simpler navigation, and a direct answer to what Cartesi is and where it's headed. What you..."
25,2026-10-01 16:40:37,comment,@kenny,https://farcaster.xyz/kenny,2.59,8.50,1,0,1,Base Culture,general,0x5e8210d7fb8b7453b0cf921483411d8c5a107b37,https://farcaster.xyz/kenny/0x5e8210d7,0xa38cdef8c5a8a386fa9827456622eedf6f8d1d8d,"cc closing out the bounty, all you do is connect your wallet to the bounty page (same wallet you used to create the bounty) then click ""submit for vote"" on the claim you want to...","cc closing out the bounty, all you do is connect your wallet to the bounty page (same wallet you used to create the bounty) then click ""submit for vote"" on the claim you want to..."
26,2026-10-01 09:38:22,comment,@arjantupan,https://farcaster.xyz/arjantupan,2.59,8.50,1,0,1,Base Culture,general,0x372a693f1abe6da72d99cfe87e36ee4ebba2444a,https://farcaster.xyz/arjantupan/0x372a693f,0xb67a88982cffab720dcc35f17274155c903805eb,"I'm finally doing another issue of trpplzine. Have some poetry up on Kismet, then there are the poidh bounties, which brings me to my bounty. I picked up running again, and to s...","I'm finally doing another issue of trpplzine. Have some poetry up on Kismet, then there are the poidh bounties, which brings me to my bounty. I picked up running again, and to s..."
27,2026-10-01 17:18:52,comment,@kenny,https://farcaster.xyz/kenny,5.45,8.30,6,1,0,Base Culture,general,0xd436e466d4557623149c24d1f93b640114fae2be,https://farcaster.xyz/kenny/0xd436e466,,I love October baseball so much,I love October baseball so much
28,2026-10-01 06:10:07,comment,@bbthrntn,https://farcaster.xyz/bbthrntn,5.76,8.00,7,0,0,Apps/Games,general,0x49c44de3885733fb3c907000a3234546703a658e,https://farcaster.xyz/bbthrntn/0x49c44de3,,Finch Winch Cinch! Framedl PRO 2026-10-01 5/6*,Finch Winch Cinch! Framedl PRO 2026-10-01 5/6*
29,2026-10-01 06:22:12,post,@nmercy,https://farcaster.xyz/nmercy,2.59,7.80,1,0,2,Base Culture,general,0x5e16ac8764949d6dcb68dcb4cf573dfd7da0ad62,https://farcaster.xyz/nmercy/0x5e16ac87,,I just created my podium of today: 🥇BizarreBeasts - 🥈Vibe Market - 🥉Based-Karma -,I just created my podium of today: 🥇BizarreBeasts - 🥈Vibe Market - 🥉Based-Karma -
30,2026-10-01 06:37:57,comment,@arjantupan,https://farcaster.xyz/arjantupan,1.00,7.50,0,0,1,Base Culture,question,0xd5563118b8ae331d7c1a9153ed60d7176ab4ae85,https://farcaster.xyz/arjantupan/0xd5563118,,"Just when I thougth there wasn't coming anymore, we now have 21 amazing people joining the fight against cancer. 21 all stars joined the team to fund cancer research. You can ad...","Just when I thougth there wasn't coming anymore, we now have 21 amazing people joining the fight against cancer. 21 all stars joined the team to fund cancer research. You can ad..."
31,2026-09-30 23:20:02,post,@pollodotlol,https://farcaster.xyz/pollodotlol,1.00,7.50,0,0,1,Security/Ops,question,0xd473a56fb01deb6de217b0a904cbe63036f54df1,https://farcaster.xyz/pollodotlol/0xd473a56f,,A pilot was stabbed mid-flight on an Israeli plane. The plane plummeted. A passenger pulled the controls and stopped the crash. Netanyahu called the pilot a national hero. Will ...,A pilot was stabbed mid-flight on an Israeli plane. The plane plummeted. A passenger pulled the controls and stopped the crash. Netanyahu called the pilot a national hero. Will ...
32,2026-10-01 04:46:45,post,@yusufmarafaby,https://farcaster.xyz/yusufmarafaby,2.59,7.50,1,1,0,Token/Promo,general,0x2de1e7306190987f2dbf6dcdbf1d6178ef140b39,https://farcaster.xyz/yusufmarafaby/0x2de1e730,,"Tokenization is becoming a bigger part of onchain finance, but understanding it shouldn’t require hours of research. ‎ ‎If the terminology feels confusing, start with the basics...","Tokenization is becoming a bigger part of onchain finance, but understanding it shouldn’t require hours of research. ‎ ‎If the terminology feels confusing, start with the basics..."
33,2026-10-01 08:38:39,post,@graceville,https://farcaster.xyz/graceville,2.59,7.40,1,0,2,Base Culture,general,0xd21c46bbe0ef38b232455bac9a44d684b2875866,https://farcaster.xyz/graceville/0xd21c46bb,,I just created my podium of today: 🥇BizarreBeasts - 🥈TYSM - /fc 🥉Base -,I just created my podium of today: 🥇BizarreBeasts - 🥈TYSM - /fc 🥉Base -
34,2026-09-30 23:32:53,post,@pedronosandrine,https://farcaster.xyz/pedronosandrine,2.59,7.40,1,0,2,Base Culture,general,0x062f4bebf2857b60464649c1240f7f99b6e2e288,https://farcaster.xyz/pedronosandrine/0x062f4beb,,I just created my podium of today: 🥇BizarreBeasts - 🥈Farcaster - 🥉Base -,I just created my podium of today: 🥇BizarreBeasts - 🥈Farcaster - 🥉Base -
35,2026-10-01 07:15:40,comment,@badadvicehq,https://farcaster.xyz/badadvicehq,4.68,7.30,4,0,1,Apps/Games,general,0x0b3063eb3604a3510dbb142d97f81cced2019f0f,https://farcaster.xyz/badadvicehq/0x0b3063eb,,Stats so scattered. 🤦‍♂️ Framedl PRO 2026-10-01 3/6*,Stats so scattered. 🤦‍♂️ Framedl PRO 2026-10-01 3/6*
36,2026-10-01 07:40:03,comment,@bradenwolf,https://farcaster.xyz/bradenwolf,2.59,6.70,1,0,1,Base Culture,general,0x6b75bc803ab49c1def7f632afda0976a02f884c5,https://farcaster.xyz/bradenwolf/0x6b75bc80,0x88ecab60c497b2175aebb4741c07b91a3f9c5059,Few months ago I asked Gemini : based on your interactions with me what movie or novel character would I be. Gemini said: Tyler Durden 😂,Few months ago I asked Gemini : based on your interactions with me what movie or novel character would I be. Gemini said: Tyler Durden 😂
37,2026-10-01 07:43:00,post,@hamza2921,https://farcaster.xyz/hamza2921,1.00,6.60,0,0,2,Apps/Games,general,0xe09b0b1216ac2574846b5b1e09fdbc2b7136891f,https://farcaster.xyz/hamza2921/0xe09b0b12,,The FidCaster mini app gives you a daily allowance you can gift to other people.,The FidCaster mini app gives you a daily allowance you can gift to other people.
38,2026-10-01 07:04:27,post,@mirabe,https://farcaster.xyz/mirabe,1.00,6.40,0,0,2,Apps/Games,general,0x6936f08d5642ac78f33ba4bcea0f716e668a120d,https://farcaster.xyz/mirabe/0x6936f08d,,My streak on FidCaster is the main reason I open the mini app every day now.,My streak on FidCaster is the main reason I open the mini app every day now.
39,2026-10-01 04:16:22,post,@rakshasar,https://farcaster.xyz/rakshasar,1.00,6.30,0,0,1,Base Culture,general,0x709c32c8b1cb7b50800449dbf946e455ac6edaaa,https://farcaster.xyz/rakshasar/0x709c32c8,,agent 0x92e3…f08a just leveled up to TIER 5 — onchain identity on Base. registered in ERC-8004 IdentityRegistry as agentId 96435. score now anchored to verifiable onchain identity.,agent 0x92e3…f08a just leveled up to TIER 5 — onchain identity on Base. registered in ERC-8004 IdentityRegistry as agentId 96435. score now anchored to verifiable onchain identity.
40,2026-10-01 04:16:21,post,@rakshasar,https://farcaster.xyz/rakshasar,1.00,6.30,0,0,1,Base Culture,general,0xd588cf31b90c5a2f31f005f2cd20ae033dc161cc,https://farcaster.xyz/rakshasar/0xd588cf31,,agent 0x0813…1b1f just leveled up to TIER 5 — onchain identity on Base. registered in ERC-8004 IdentityRegistry as agentId 96434. score now anchored to verifiable onchain identity.,agent 0x0813…1b1f just leveled up to TIER 5 — onchain identity on Base. registered in ERC-8004 IdentityRegistry as agentId 96434. score now anchored to verifiable onchain identity.
41,2026-10-01 04:16:20,post,@rakshasar,https://farcaster.xyz/rakshasar,1.00,6.30,0,0,1,Base Culture,general,0x770d4c3e33e18d04447eeb5b05a9c5207b26bb73,https://farcaster.xyz/rakshasar/0x770d4c3e,,agent 0x48bd…48ae just leveled up to TIER 5 — onchain identity on Base. registered in ERC-8004 IdentityRegistry as agentId 96433. score now anchored to verifiable onchain identity.,agent 0x48bd…48ae just leveled up to TIER 5 — onchain identity on Base. registered in ERC-8004 IdentityRegistry as agentId 96433. score now anchored to verifiable onchain identity.
42,2026-10-01 02:31:50,comment,@ogerpon,https://farcaster.xyz/ogerpon,4.17,6.10,3,0,1,Apps/Games,general,0x72973f8d3f84fb0e1debe5889459ec9f538e6f72,https://farcaster.xyz/ogerpon/0x72973f8d,,Framedl 2026-10-01 3/6* Bye four now,Framedl 2026-10-01 3/6* Bye four now
43,2026-10-01 17:10:31,comment,@kenny,https://farcaster.xyz/kenny,2.59,6.10,1,0,1,Base Culture,general,0x74fac9132fe4909b8eb4218862b1bb157ee49ed3,https://farcaster.xyz/kenny/0x74fac913,0x2c6116191031d3212f750616362ae5e17e0dc5bb,"it's on Base, see logo in opengraph (there's also logo on the page and network name in url) I will send you some gas","it's on Base, see logo in opengraph (there's also logo on the page and network name in url) I will send you some gas"
44,2026-10-01 11:51:40,comment,@temhemc,https://farcaster.xyz/temhemc,4.17,6.00,3,0,0,Base Culture,question,0x572e96c5f595c9293de05958dc51c22ceddf5875,https://farcaster.xyz/temhemc/0x572e96c5,,https://paragraph.com/@0x4604a0fd65843f8b6e7cd8e67c5e3dff7b0c9c12/accelerating-the-onchain-frontier-how-coinbase-s-base-is-powering-the-next-generation-of-layer-2-infrastructure...,https://paragraph.com/@0x4604a0fd65843f8b6e7cd8e67c5e3dff7b0c9c12/accelerating-the-onchain-frontier-how-coinbase-s-base-is-powering-the-next-generation-of-layer-2-infrastructure...
45,2026-10-01 10:01:07,post,@midao,https://farcaster.xyz/midao,3.51,6.00,2,0,0,Security/Ops,general,0xe19e58fd80d1115786ede0287cea1dabac4045c1,https://farcaster.xyz/midao/0xe19e58fd,,"AI agent access is a governance decision Before software receives meaningful authority, define its permissions, limits, escalation path, and revocation controls. Keep every acti...","AI agent access is a governance decision Before software receives meaningful authority, define its permissions, limits, escalation path, and revocation controls. Keep every acti..."
46,2026-10-01 17:30:48,comment,@n3rd,https://farcaster.xyz/n3rd,2.59,6.00,1,0,0,Security/Ops,general,0x25e1b24428e27b1ce15a9a189f5b6f630a7ac02d,https://farcaster.xyz/n3rd/0x25e1b244,,"🛑 Police arrested a 16-year-old suspected of running KillSec. Authorities took over the #ransomware group’s leak site and shut down five servers. The probe covers about 1,000 su...","🛑 Police arrested a 16-year-old suspected of running KillSec. Authorities took over the #ransomware group’s leak site and shut down five servers. The probe covers about 1,000 su..."
47,2026-10-01 11:02:13,comment,@ethernews,https://farcaster.xyz/ethernews,2.59,6.00,1,0,0,Base Culture,general,0x9d8e5eeecf649294114de876a4dc41b28616ea24,https://farcaster.xyz/ethernews/0x9d8e5eee,,"The Ether, September 30 - Open USD stablecoin launches on Ethereum, Base, Solana - Base launches Cobalt upgrade with conditional transactions - MetaMask Staking exits Lido valid...","The Ether, September 30 - Open USD stablecoin launches on Ethereum, Base, Solana - Base launches Cobalt upgrade with conditional transactions - MetaMask Staking exits Lido valid..."
48,2026-10-01 09:23:04,post,@kazani,https://farcaster.xyz/kazani,2.59,6.00,1,0,0,Base Culture,general,0xe84ffe614d040a0607edda3bec7ade050337886a,https://farcaster.xyz/kazani/0xe84ffe61,,"X Money has arrived, and it is not a payments app pretending to be a bank, it is a bank pretending to be an app. The offer: 6% APY on savings, 3% cash back on a rewards card, fa...","X Money has arrived, and it is not a payments app pretending to be a bank, it is a bank pretending to be an app. The offer: 6% APY on savings, 3% cash back on a rewards card, fa..."
49,2026-10-01 05:00:02,post,@aaronzhang,https://farcaster.xyz/aaronzhang,2.59,6.00,1,0,0,Security/Ops,general,0xa418a7fe4cec86a4f2a950aab99aafe1ca6a4688,https://farcaster.xyz/aaronzhang/0xa418a7fe,,"I handed my agent a wallet-generation script. It read it, noticed it prints the private key, refused to use it, and wrote its own version that only outputs the address. The best...","I handed my agent a wallet-generation script. It read it, noticed it prints the private key, refused to use it, and wrote its own version that only outputs the address. The best..."
50,2026-09-30 23:31:56,comment,@n3rd,https://farcaster.xyz/n3rd,2.59,6.00,1,0,0,Security/Ops,general,0x2fc31661022b958f5787b5d9ac892efe3eee923f,https://farcaster.xyz/n3rd/0x2fc31661,,🚨 Attackers exploited a Zimbra flaw to plant web shells and harvest authentication secrets. CVE-2026-73570 can be triggered by a crafted SMTP request when SNMP notifications are...,🚨 Attackers exploited a Zimbra flaw to plant web shells and harvest authentication secrets. CVE-2026-73570 can be triggered by a crafted SMTP request when SNMP notifications are...
51,2026-10-01 08:42:20,comment,@bytebot,https://farcaster.xyz/bytebot,2.59,5.80,1,0,0,Security/Ops,general,0x7612cc520bbf11e86ce77aa5d56cc9709d3d964f,https://farcaster.xyz/bytebot/0x7612cc52,0xea5e9f3e38a36822a3bb3320ac685f3628135423,"Do as I say, but not as I do I actually worry about coinbase (and base) Rumors circulating they’ve been hacked and extracted but how they avoid talking about it is freezing acco...","Do as I say, but not as I do I actually worry about coinbase (and base) Rumors circulating they’ve been hacked and extracted but how they avoid talking about it is freezing acco..."
52,2026-10-01 15:10:03,comment,@zaal,https://farcaster.xyz/zaal,1.00,5.70,0,0,1,Base Culture,question,0x8cbd39cb0188c3bf909b0cd4fc9f8bb611013ff3,https://farcaster.xyz/zaal/0x8cbd39cb,,zm whats the cheapest way to onramp? ive been using coinbase to get usdc move to zaal.eth then use matcha to swap hows everyone else doing it?,zm whats the cheapest way to onramp? ive been using coinbase to get usdc move to zaal.eth then use matcha to swap hows everyone else doing it?
53,2026-10-01 22:28:22,post,@stitthappens,https://farcaster.xyz/stitthappens,1.00,5.50,0,0,1,Base Culture,question,0xa4eec6f97fc056e90ba0f52c03aab620af3ac782,https://farcaster.xyz/stitthappens/0xa4eec6f9,,"Are there no free block explorer left for base? I was about to add a blockscout API key to (which the app shows as the only free one), but I saw this banner. Any suggestions, ?","Are there no free block explorer left for base? I was about to add a blockscout API key to (which the app shows as the only free one), but I saw this banner. Any suggestions, ?"
54,2026-10-01 16:45:46,post,@eddieamin,https://farcaster.xyz/eddieamin,2.59,5.30,1,1,0,Base Culture,general,0x63c5a725a10ef15a511ce56f8caea680be239ee4,https://farcaster.xyz/eddieamin/0x63c5a725,,Helm on Base. Desk and chat are paper. Spot and Perps use your wallet. https://farcaster.xyz/miniapps/8Ue5DE2ED0Rz/helm,Helm on Base. Desk and chat are paper. Spot and Perps use your wallet. https://farcaster.xyz/miniapps/8Ue5DE2ED0Rz/helm
55,2026-10-01 11:38:49,post,@mrravi253,https://farcaster.xyz/mrravi253,2.59,5.30,1,1,0,Base Culture,general,0x3329248862a3a0208aaadbc074db1a7e9ac3d922,https://farcaster.xyz/mrravi253/0x33292488,,Perp trading is like magic on Coinbase Wallet. Watch the video on X and join the link too https://x.com/henry58290/status/2105613161537954181,Perp trading is like magic on Coinbase Wallet. Watch the video on X and join the link too https://x.com/henry58290/status/2105613161537954181
56,2026-09-30 23:54:17,comment,@ethdaily,https://farcaster.xyz/ethdaily,2.59,5.20,1,0,0,Base Culture,general,0xcdccf953fe4b7eaddc8fb4840d7e2055e959accc,https://farcaster.xyz/ethdaily/0xcdccf953,,ETH Daily - 30th September 📰 -Base Cobalt upgrade 🟦 -Glamsterdam client releases 🧪 -Ostium recovery program 🔎 -CoW Swap TWAP orders 🐮 https://ethdaily.io/base-activates-cobalt-u...,ETH Daily - 30th September 📰 -Base Cobalt upgrade 🟦 -Glamsterdam client releases 🧪 -Ostium recovery program 🔎 -CoW Swap TWAP orders 🐮 https://ethdaily.io/base-activates-cobalt-u...
57,2026-10-01 10:33:20,post,@willywarrior,https://farcaster.xyz/willywarrior,2.59,5.10,1,0,1,Base Culture,general,0x53c3d7c47078763e15b0781a663c6b3492896594,https://farcaster.xyz/willywarrior/0x53c3d7c4,,I just created my podium of today: 🥇Remix - /remix 🥈Base - 🥉BizarreBeasts -,I just created my podium of today: 🥇Remix - /remix 🥈Base - 🥉BizarreBeasts -
58,2026-10-01 07:59:44,post,@adexmakai,https://farcaster.xyz/adexmakai,3.51,5.10,2,1,0,Base Culture,general,0xb550fab3efab5d0fa897566f35886a6c649bdc30,https://farcaster.xyz/adexmakai/0xb550fab3,,"FidCaster's in-app swap works across Base, Optimism, and a few other chains.","FidCaster's in-app swap works across Base, Optimism, and a few other chains."
59,2026-10-01 19:04:19,post,@leet-1337,https://farcaster.xyz/leet-1337,1.00,5.10,0,1,0,Base Culture,general,0xf21b1fea1b071c673dc55af50454769f10bbf983,https://farcaster.xyz/leet-1337/0xf21b1fea,,"Get ready for Skill Clash Tournament #2 on Base ⚔️ We’re aiming to kick things off tomorrow, October 2, around 16:00 UTC. No registration. No extra steps. Just play Skill Clash.","Get ready for Skill Clash Tournament #2 on Base ⚔️ We’re aiming to kick things off tomorrow, October 2, around 16:00 UTC. No registration. No extra steps. Just play Skill Clash."
60,2026-10-01 09:15:11,post,@denizakar,https://farcaster.xyz/denizakar,4.68,5.00,4,0,0,Base Culture,general,0x591ba92323486dd1aaa5f8fbf0abbe8693a52aee,https://farcaster.xyz/denizakar/0x591ba923,,Base Thursday Fam...workshop of day is Smoke Effect 💙🟦 🟦 🟦 💙,Base Thursday Fam...workshop of day is Smoke Effect 💙🟦 🟦 🟦 💙
61,2026-10-01 13:34:58,post,@bu9ape,https://farcaster.xyz/bu9ape,2.59,4.70,1,1,0,Apps/Games,general,0x812c8b4c7605b5cf9e7b7bbc19f9db1f68fbce5a,https://farcaster.xyz/bu9ape/0x812c8b4c,,Trade perps on TxFlow! Join me with my referral code 🚀: DJZTULWSS6 https://app.txflow.com/r/DJZTULWSS6,Trade perps on TxFlow! Join me with my referral code 🚀: DJZTULWSS6 https://app.txflow.com/r/DJZTULWSS6
62,2026-10-01 20:43:58,comment,@ds8,https://farcaster.xyz/ds8,4.17,4.60,3,0,0,Apps/Games,general,0x8bbbb6ea94df2c4d42bd77c52b598d72aa950697,https://farcaster.xyz/ds8/0x8bbbb6ea,,framedl pro results 2026-09-30 double trouble 1) (300) 1) (600) 3) (100) 3) (100) congrats to all and enjoy your day!,framedl pro results 2026-09-30 double trouble 1) (300) 1) (600) 3) (100) 3) (100) congrats to all and enjoy your day!
63,2026-10-01 12:11:40,comment,@road,https://farcaster.xyz/road,2.59,4.50,1,0,1,Base Culture,general,0xf829ec27f9d66605d5e46fedbb3d4c08f4b1ad85,https://farcaster.xyz/road/0xf829ec27,0x33d5430ff68d1bcdf70465c32a076bf69d45e2db,NONE ONLY YOU My favorite color blue 💙💙💙,NONE ONLY YOU My favorite color blue 💙💙💙
64,2026-10-01 21:12:46,comment,@clanker,https://farcaster.xyz/clanker,1.00,4.30,0,0,1,Base Culture,general,0xfe3176ab27a2986e06738b7ad700200de1a1c037,https://farcaster.xyz/clanker/0xfe3176ab,0x0db678dfefc843b4040e658616251595001156d2,"Argon is live on Base — noble gas energy, locked liquidity, 100 billion supply.","Argon is live on Base — noble gas energy, locked liquidity, 100 billion supply."
65,2026-10-01 14:56:03,post,@leerooy,https://farcaster.xyz/leerooy,2.59,4.00,1,0,0,Security/Ops,general,0xead51549fcac99a9964c49990fcdac391c9a2a0d,https://farcaster.xyz/leerooy/0xead51549,,"Cybersecurity is no longer optional. As more of our lives move online, protecting digital identity and personal data becomes increasingly important.","Cybersecurity is no longer optional. As more of our lives move online, protecting digital identity and personal data becomes increasingly important."
66,2026-10-01 17:05:08,post,@olivebranch,https://farcaster.xyz/olivebranch,4.17,3.80,3,0,0,Base Culture,general,0xb6bc8d67938f221808ef030434c93c76df39aaee,https://farcaster.xyz/olivebranch/0xb6bc8d67,,Logo has been updated on BaseScan! 🌿,Logo has been updated on BaseScan! 🌿
67,2026-10-01 07:32:43,comment,@sub,https://farcaster.xyz/sub,4.17,3.80,3,0,0,Apps/Games,general,0xd76968ed0c82537c66a1ed88948a1479ef656fef,https://farcaster.xyz/sub/0xd76968ed,,Gotst to scratch it. Framedl 2026-10-01 3/6*,Gotst to scratch it. Framedl 2026-10-01 3/6*
68,2026-10-01 09:26:00,post,@teberen,https://farcaster.xyz/teberen,2.59,3.80,1,0,0,Base Culture,general,0xde499bbfa1ca2f644f134808a1476d769ea9b5f0,https://farcaster.xyz/teberen/0xde499bbf,,Just planted a 🌱 in my onchain garden! 🚜 Network: Base Reward: +1 XP ✨ Come plant your seeds with me! 👇 #FarmCaster #Base,Just planted a 🌱 in my onchain garden! 🚜 Network: Base Reward: +1 XP ✨ Come plant your seeds with me! 👇 #FarmCaster #Base
69,2026-10-01 03:45:05,comment,@rashedur,https://farcaster.xyz/rashedur,3.51,3.60,2,0,0,Base Culture,general,0x4c526b23456730bf9f87cc9dd8661d20e9380772,https://farcaster.xyz/rashedur/0x4c526b23,,I just created my podium of today: 🥇Base - 🥈Beeper - 🥉Specuverse - /speculationcoin,I just created my podium of today: 🥇Base - 🥈Beeper - 🥉Specuverse - /speculationcoin
70,2026-10-01 01:23:56,post,@whitegoats,https://farcaster.xyz/whitegoats,2.59,3.40,1,0,0,Base Culture,general,0x0b804d28372254e04bee72b3c59bb6d14d1bc8e9,https://farcaster.xyz/whitegoats/0x0b804d28,,"Introducing Base Cobalt, our third network upgrade of 2026 Validity Transactions and B20 enhancements are now live on mainnet","Introducing Base Cobalt, our third network upgrade of 2026 Validity Transactions and B20 enhancements are now live on mainnet"
71,2026-09-30 23:33:48,post,@drakhonen,https://farcaster.xyz/drakhonen,2.59,3.10,1,1,0,Base Culture,general,0x0fa466d351de5cd34aa32ec79b693403b7a99d12,https://farcaster.xyz/drakhonen/0x0fa466d3,,"My keys, my people: , , . See you on BaseFriend. 💙","My keys, my people: , , . See you on BaseFriend. 💙"
72,2026-10-01 05:02:17,post,@mershad,https://farcaster.xyz/mershad,2.59,3.00,1,0,0,Apps/Games,general,0xa4f00e354fe6325ec8b2c3b28c276ad75dceea9f,https://farcaster.xyz/mershad/0xa4f00e35,,"FidCaster's referral system pays out points to both sides, not just the person inviting.","FidCaster's referral system pays out points to both sides, not just the person inviting."
73,2026-10-01 00:38:26,post,@chronor,https://farcaster.xyz/chronor,2.59,3.00,1,0,0,Apps/Games,general,0x6a031c2a767fe03d3068d274cfceaca4c5ece3ef,https://farcaster.xyz/chronor/0x6a031c2a,,🎰 Come spin the Farcaster Roulette! Use my code to get a free spin! My referral code (FID): 352478,🎰 Come spin the Farcaster Roulette! Use my code to get a free spin! My referral code (FID): 352478
74,2026-10-01 01:48:22,post,@crypteer,https://farcaster.xyz/crypteer,2.59,2.80,1,0,0,Base Culture,general,0x7cd0be1eea70975724a5d85da3ccdee08652b7b3,https://farcaster.xyz/crypteer/0x7cd0be1e,,Get free ETH gas on Base. Never get stuck without gas again. ☝️ created with app studio,Get free ETH gas on Base. Never get stuck without gas again. ☝️ created with app studio
75,2026-10-01 00:26:59,comment,@joysender,https://farcaster.xyz/joysender,2.59,2.80,1,0,0,Base Culture,general,0xe37ebd32ebed2be2e43b5810fb003254bc69fe88,https://farcaster.xyz/joysender/0xe37ebd32,0xb8e4ad95f4a4fc2492f2e3008f2a11cbcd010c47,Connect and verify a Base wallet on your Celebration Hub profile before tipping.,Connect and verify a Base wallet on your Celebration Hub profile before tipping.
76,2026-10-01 19:44:57,comment,@hashtagweb3,https://farcaster.xyz/hashtagweb3,2.59,2.60,1,0,0,Security/Ops,question,0xb5a0cbe343c54b7ab9653b1c9448652463aea585,https://farcaster.xyz/hashtagweb3/0xb5a0cbe3,,Stripe is hiring Offensive Security Engineer https://hashtagweb3.com/sec61/fc?og=7,Stripe is hiring Offensive Security Engineer https://hashtagweb3.com/sec61/fc?og=7
77,2026-10-01 12:13:09,comment,@niloofarmd,https://farcaster.xyz/niloofarmd,2.59,2.60,1,0,0,Base Culture,general,0xb0c58dd9167e89a56dfa00bee2c9451872cc176d,https://farcaster.xyz/niloofarmd/0xb0c58dd9,0x4e5cfb8dbbdfe7b5fd2388591d70fcd097af1b5f,Thank you 😅💙 I like that photo because of the perfect blue architechture too 😍,Thank you 😅💙 I like that photo because of the perfect blue architechture too 😍
78,2026-10-01 17:36:30,post,@infinitehomie,https://farcaster.xyz/infinitehomie,2.59,2.40,1,0,0,Base Culture,general,0x93176f63e1f3d21f4dc4524145d155945c71e572,https://farcaster.xyz/infinitehomie/0x93176f63,,Based on some research (not scientific) homiehouse.app was a better idea.,Based on some research (not scientific) homiehouse.app was a better idea.
79,2026-10-01 11:47:57,comment,@akhyari,https://farcaster.xyz/akhyari,2.59,2.40,1,0,0,Base Culture,question,0x263cc6688177047f6b8b29853cd9251956122067,https://farcaster.xyz/akhyari/0x263cc668,,https://zora.co/coin/base:0x2885a06099c6cd012d02e1c971f3632a1e4def8d?referrer=0xc32a6db055b49c97a933fac06385412b79528b25,https://zora.co/coin/base:0x2885a06099c6cd012d02e1c971f3632a1e4def8d?referrer=0xc32a6db055b49c97a933fac06385412b79528b25
80,2026-10-01 07:31:44,post,@adexmakai,https://farcaster.xyz/adexmakai,2.59,2.40,1,0,0,Base Culture,general,0xaf9551d801d32d15a9425d126b8f0cdc4f835e46,https://farcaster.xyz/adexmakai/0xaf9551d8,,I just created my podium of today: 🥇Beeper - 🥈Rainbow - 🥉Base -,I just created my podium of today: 🥇Beeper - 🥈Rainbow - 🥉Base -
81,2026-10-01 17:14:03,comment,@oknart,https://farcaster.xyz/oknart,2.59,2.20,1,0,0,Base Culture,general,0xa67017c550ea6c761ea1090692f0f3a01ed94e40,https://farcaster.xyz/oknart/0xa67017c5,,Follow and support https://rodeoart.lol/a/%40oknart.base.eth,Follow and support https://rodeoart.lol/a/%40oknart.base.eth
82,2026-10-01 15:25:54,comment,@arfonzo,https://farcaster.xyz/arfonzo,2.59,1.80,1,0,0,Base Culture,general,0xed8635dad30b2a6e96a51d0def3231480d47a83d,https://farcaster.xyz/arfonzo/0xed8635da,0xb56322f1ce5b9b9aaa37e2a927bd8b696b21d6f8,best birthday gen... based on lore too! 😹,best birthday gen... based on lore too! 😹
83,2026-10-01 01:00:02,comment,@framedl,https://farcaster.xyz/framedl,2.59,1.80,1,0,0,Apps/Games,general,0x5e73709e428ffe08e9aff8b991ca8fa8adf11ae7,https://farcaster.xyz/framedl/0x5e73709e,,"New day, new Framedl is out there LFG! 🟩🟨⬜ https://framedl.com/app/v2","New day, new Framedl is out there LFG! 🟩🟨⬜ https://framedl.com/app/v2"
84,2026-10-01 16:16:04,comment,@mypokerofff,https://farcaster.xyz/mypokerofff,2.59,1.60,1,0,0,Base Culture,general,0x214fceb4bc15a5af80af0f5ca510abc2a8c5ef52,https://farcaster.xyz/mypokerofff/0x214fceb4,0x68e4017baf59aaa2a3579fd1e4d42c9f9449939e,Thank you base friend,Thank you base friend
85,2026-10-01 16:15:54,comment,@mypokerofff,https://farcaster.xyz/mypokerofff,2.59,1.60,1,0,0,Base Culture,general,0xa22aace525a3841b99df3769fc5b8ad7e07c1daa,https://farcaster.xyz/mypokerofff/0xa22aace5,0x98cc06fcd039f60456cb37ce9a3182104380a377,Thank you friend base,Thank you friend base
86,2026-10-01 15:25:42,post,@konohime,https://farcaster.xyz/konohime,2.59,1.60,1,0,0,Base Culture,general,0x92939cd20f780f55d1fbf5a5458a709275975697,https://farcaster.xyz/konohime/0x92939cd2,,My French TL on bluesky is angry af,My French TL on bluesky is angry af
87,2026-10-01 10:20:29,comment,@akela113,https://farcaster.xyz/akela113,2.59,1.60,1,0,0,Base Culture,general,0x5af003de015c0d8fe51cc41367d14176f7c9560b,https://farcaster.xyz/akela113/0x5af003de,0x9b0401fc80fa3ab31dcfe1c0712187f7b392e13d,Good day for you friend base,Good day for you friend base
88,2026-10-01 04:16:18,post,@rakshasar,https://farcaster.xyz/rakshasar,1.00,6.30,0,0,1,Base Culture,general,0x7226cdfdbdceed0d16dcedb21a99fe9b630012d0,https://farcaster.xyz/rakshasar/0x7226cdfd,,agent 0xbcaa…5b68 just leveled up to TIER 5 — onchain identity on Base. registered in ERC-8004 IdentityRegistry as agentId 96432. score now anchored to verifiable onchain identity.,agent 0xbcaa…5b68 just leveled up to TIER 5 — onchain identity on Base. registered in ERC-8004 IdentityRegistry as agentId 96432. score now anchored to verifiable onchain identity.
89,2026-10-01 04:16:17,post,@rakshasar,https://farcaster.xyz/rakshasar,1.00,6.30,0,0,1,Base Culture,general,0xfa5c621c28b99ed7ac02afe93c8edc6c68fe6029,https://farcaster.xyz/rakshasar/0xfa5c621c,,agent 0x2e98…8949 just leveled up to TIER 5 — onchain identity on Base. registered in ERC-8004 IdentityRegistry as agentId 96431. score now anchored to verifiable onchain identity.,agent 0x2e98…8949 just leveled up to TIER 5 — onchain identity on Base. registered in ERC-8004 IdentityRegistry as agentId 96431. score now anchored to verifiable onchain identity.
